{"cameraMode":{"drawMode":0,"name":"Shaded","section":"Shading Mode"},"sceneLighting":true,"audioPlay":false,"sceneViewState":{"showFog":false,"showMaterialUpdate":false,"showSkybox":false,"showFlares":true,"showImageEffects":true,"showParticleSystems":true},"in2DMode":false,"pivot":{"x":774.1595458984375,"y":1210.902099609375,"z":2776.1318359375},"rotation":{"x":0.26679837703704836,"y":-0.2823997735977173,"z":0.08209016174077988,"w":0.9177934527397156},"size":392.9508972167969,"orthographic":false}